{"cameraMode":{"drawMode":0,"name":"Shaded","section":"Shading Mode"},"sceneLighting":true,"audioPlay":false,"sceneViewState":{"showFog":true,"showMaterialUpdate":false,"showSkybox":true,"showFlares":true,"showImageEffects":true,"showParticleSystems":true},"in2DMode":false,"pivot":{"x":-97.52009582519531,"y":2.721017360687256,"z":-11.067366600036621},"rotation":{"x":-0.03368242084980011,"y":-0.5544900298118591,"z":0.022469185292720796,"w":-0.8312047719955444},"size":6.715236186981201,"orthographic":false}